{
  "source": "/tmp/gm3c.png",
  "image": [
    2000,
    1333
  ],
  "grout_width_px": 8.0,
  "overall": {
    "count": 881,
    "area": {
      "n": 881,
      "median": 924.0,
      "mean": 1186.2633371169127,
      "std": 1086.7987819286404,
      "p10": 169.0,
      "p90": 2546.0,
      "cv": 0.9161530563441248
    },
    "area_cv": 0.9161530563441248,
    "equiv_diam": {
      "n": 881,
      "median": 34.29975713230766,
      "mean": 35.1734158959093,
      "std": 16.529616011878424,
      "p10": 14.668929172241665,
      "p90": 56.93564683830091,
      "cv": 0.46994628161209767
    },
    "circularity": {
      "n": 881,
      "median": 0.5066363375137687,
      "mean": 0.5117012433840981,
      "std": 0.25030822702907457,
      "p10": 0.18459617667597086,
      "p90": 0.8672104720846825,
      "cv": 0.489168690256994
    },
    "solidity": {
      "n": 881,
      "median": 0.9054002297970125,
      "mean": 0.8661400160095872,
      "std": 0.11545116346432668,
      "p10": 0.6955017301038062,
      "p90": 0.9871881321645314,
      "cv": 0.13329388012370597
    },
    "perim_ratio": {
      "n": 881,
      "median": 1.1444440825087228,
      "mean": 1.301560336086888,
      "std": 0.4207223472579569,
      "p10": 1.0,
      "p90": 1.8054754387065368,
      "cv": 0.32324459772863795
    },
    "extent": {
      "n": 881,
      "median": 0.6879574625378828,
      "mean": 0.6731364414277,
      "std": 0.1367640322381333,
      "p10": 0.48020750264451045,
      "p90": 0.8404478921756163,
      "cv": 0.20317431031970476
    },
    "elongation": {
      "n": 881,
      "median": 1.521199125353646,
      "mean": 1.864946369023008,
      "std": 1.2676532839011925,
      "p10": 1.1097532028972419,
      "p90": 2.7062709733520656,
      "cv": 0.6797264012290497
    }
  },
  "by_class": {
    "light": {
      "count": 751,
      "area": {
        "n": 751,
        "median": 1078.0,
        "mean": 1252.1491344873502,
        "std": 983.28648858699,
        "p10": 190.0,
        "p90": 2584.0,
        "cv": 0.7852790546307914
      },
      "area_cv": 0.7852790546307914,
      "equiv_diam": {
        "n": 751,
        "median": 37.04797199880859,
        "mean": 36.77064197409775,
        "std": 15.562958675904852,
        "p10": 15.553633450087505,
        "p90": 57.358966026207796,
        "cv": 0.42324413826845414
      },
      "circularity": {
        "n": 751,
        "median": 0.5436323987846433,
        "mean": 0.5378559750144243,
        "std": 0.24822197106252444,
        "p10": 0.19655154654982437,
        "p90": 0.8793308141124209,
        "cv": 0.46150267468139144
      },
      "solidity": {
        "n": 751,
        "median": 0.9178082191780823,
        "mean": 0.8843004226434614,
        "std": 0.1039209364502907,
        "p10": 0.7319830428638718,
        "p90": 0.9882982280173855,
        "cv": 0.11751768266675396
      },
      "perim_ratio": {
        "n": 751,
        "median": 1.125363634037858,
        "mean": 1.267784709135015,
        "std": 0.3491570460240771,
        "p10": 1.0,
        "p90": 1.7639703085592366,
        "cv": 0.27540720716082795
      },
      "extent": {
        "n": 751,
        "median": 0.7201967100819993,
        "mean": 0.6983127897742903,
        "std": 0.127134315832803,
        "p10": 0.5160155410109275,
        "p90": 0.8443194704007312,
        "cv": 0.1820592687037789
      },
      "elongation": {
        "n": 751,
        "median": 1.478784611265883,
        "mean": 1.809591303017295,
        "std": 1.183001046788446,
        "p10": 1.1054304151006424,
        "p90": 2.6184557871912544,
        "cv": 0.6537393525355264
      }
    },
    "green": {
      "count": 65,
      "area": {
        "n": 65,
        "median": 333.0,
        "mean": 1169.4,
        "std": 1817.8099824535273,
        "p10": 135.2,
        "p90": 3342.8000000000006,
        "cv": 1.5544809153869739
      },
      "area_cv": 1.5544809153869739,
      "equiv_diam": {
        "n": 65,
        "median": 20.590987552733093,
        "mean": 31.3291401158997,
        "std": 22.525791955259276,
        "p10": 13.120095736226652,
        "p90": 65.21860752919775,
        "cv": 0.7190044754476782
      },
      "circularity": {
        "n": 65,
        "median": 0.29594174582928706,
        "mean": 0.3133551904518438,
        "std": 0.19747467485398648,
        "p10": 0.08772700792125857,
        "p90": 0.558889759675201,
        "cv": 0.6301943636843451
      },
      "solidity": {
        "n": 65,
        "median": 0.7114788004136504,
        "mean": 0.737218695744528,
        "std": 0.12286850696764064,
        "p10": 0.5817205966075221,
        "p90": 0.9069726552188755,
        "cv": 0.16666493630299747
      },
      "perim_ratio": {
        "n": 65,
        "median": 1.3798181607104525,
        "mean": 1.6400420795750643,
        "std": 0.7496713681484699,
        "p10": 1.0134982427670407,
        "p90": 2.3688094904600883,
        "cv": 0.4571049593695243
      },
      "extent": {
        "n": 65,
        "median": 0.5055678819668874,
        "mean": 0.5196561087563052,
        "std": 0.10063114621237705,
        "p10": 0.40127809025071354,
        "p90": 0.6653637236524189,
        "cv": 0.19364950111568577
      },
      "elongation": {
        "n": 65,
        "median": 1.5899943839507134,
        "mean": 2.133021786479121,
        "std": 1.8766819263484706,
        "p10": 1.1751263176326794,
        "p90": 2.9014183273365943,
        "cv": 0.8798231402250332
      }
    },
    "gray": {
      "count": 58,
      "area": {
        "n": 58,
        "median": 232.0,
        "mean": 326.5344827586207,
        "std": 247.74125932020297,
        "p10": 126.7,
        "p90": 585.3000000000003,
        "cv": 0.7586986134733498
      },
      "area_cv": 0.7586986134733498,
      "equiv_diam": {
        "n": 58,
        "median": 17.185522197575217,
        "mean": 19.33603280189185,
        "std": 6.471047183577054,
        "p10": 12.701138606294608,
        "p90": 27.288542164875523,
        "cv": 0.33466260891654687
      },
      "circularity": {
        "n": 58,
        "median": 0.3809785231378828,
        "mean": 0.426384675415091,
        "std": 0.19394258640943346,
        "p10": 0.22544190716778498,
        "p90": 0.6658447175776548,
        "cv": 0.45485355734379485
      },
      "solidity": {
        "n": 58,
        "median": 0.7935428888536546,
        "mean": 0.7945524784667936,
        "std": 0.11501223342656235,
        "p10": 0.669073132756331,
        "p90": 0.9289363792679931,
        "cv": 0.1447509592424851
      },
      "perim_ratio": {
        "n": 58,
        "median": 1.1998659981514523,
        "mean": 1.2701719666358608,
        "std": 0.2635494718519132,
        "p10": 1.0,
        "p90": 1.6561600682846318,
        "cv": 0.2074911734589312
      },
      "extent": {
        "n": 58,
        "median": 0.538038649694329,
        "mean": 0.5408851026315155,
        "std": 0.08190082030740604,
        "p10": 0.4511251159143498,
        "p90": 0.6264227761085136,
        "cv": 0.15141999642612078
      },
      "elongation": {
        "n": 58,
        "median": 1.9828683388976793,
        "mean": 2.2667929572656873,
        "std": 1.4172482570505922,
        "p10": 1.3637446676676293,
        "p90": 2.8657007611852987,
        "cv": 0.6252217488623857
      }
    },
    "gold": {
      "count": 7,
      "area": {
        "n": 7,
        "median": 348.0,
        "mean": 1397.7142857142858,
        "std": 2663.55378686262,
        "p10": 151.2,
        "p90": 3551.8000000000025,
        "cv": 1.9056496839777535
      },
      "area_cv": 1.9056496839777535,
      "equiv_diam": {
        "n": 7,
        "median": 21.049640414216977,
        "mean": 30.734753100781557,
        "std": 28.896367464556654,
        "p10": 13.833090754429406,
        "p90": 57.360861916160125,
        "cv": 0.9401854431627709
      },
      "circularity": {
        "n": 7,
        "median": 0.1977560990599885,